ticker,name,estimates_from
AAOI,Applied Optoelectronics,
AAPL,Apple,
ACMR,ACM Research,
AEHR,Aehr Test Systems,
ALAB,Astera Labs,
AMAT,Applied Materials,
AMD,Advanced Micro Devices,
AMZN,Amazon,
ASML,ASML,
AVGO,Broadcom,
BE,Bloom Energy,
BFLY,Butterfly Network,
BLZE,Backblaze,
BTDR,Bitdeer Technologies,
CBRS,Cerebras Systems,
CIEN,Ciena,
COHR,Coherent,
COHU,Cohu,
CRWD,CrowdStrike,
DDOG,Datadog,
DELL,Dell Technologies,
FIVN,Five9,
GEV,GE Vernova,
GOOGL,Alphabet,
HIMX,Himax,
INSM,Insmed,
INTC,Intel,
IONS,Ionis Pharmaceuticals,
LITE,Lumentum,
LLY,Eli Lilly,
META,Meta Platforms,
MRVL,Marvell,
MSFT,Microsoft,
MU,Micron,
NBIS,Nebius Group,
NEM,Newmont,
NET,Cloudflare,
NOW,ServiceNow,
NTRA,Natera,
NVDA,NVIDIA,
NXPI,NXP Semiconductors,
OII,Oceaneering,
ONTO,Onto Innovation,
ORCL,Oracle,
OSCR,Oscar Health,
PWR,Quanta Services,
RNG,RingCentral,
RRX,Regal Rexnord,
SILC,Silicom,
SMTC,Semtech,
SNDK,Sandisk,
SNOW,Snowflake,
STX,Seagate,
TER,Teradyne,
TSEM,Tower Semiconductor,
TSM,TSMC,
TWLO,Twilio,
TXN,Texas Instruments,
UBER,Uber,
UMC,United Microelectronics,
WDC,Western Digital,
WGS,GeneDx,
WOLF,Wolfspeed,
XPEV,XPeng,
ZIM,ZIM Integrated Shipping,
AIXA.DE,AIXTRON,
ASM.AS,ASM International,
BESI.AS,BE Semiconductor,
IFX.DE,Infineon,
NOVO-B.CO,Novo Nordisk,
MDA.TO,MDA Space,
PNG.V,Kraken Robotics,
0522.HK,ASMPT,
1810.HK,Xiaomi,
285A.T,Kioxia,
4062.T,IBIDEN,
5802.T,Sumitomo Electric,
6976.T,Taiyo Yuden,
6981.T,Murata,
9984.T,SoftBank Group,
000660.KS,SK hynix,
005930.KS,Samsung Electronics,
005935.KS,Samsung Electronics Pref,005930.KS
402340.KS,SK Square,
2301.TW,Lite-On,
2327.TW,Yageo,
2408.TW,Nanya Technology,
8299.TWO,Phison,
688008.SS,Montage Technology,
AMGN,Amgen,
CMCSA,Comcast Corporation,
KLAC,KLA Corporation,
PCAR,PACCAR,
CTAS,Cintas Corporation,
PAYX,Paychex,
LRCX,Lam Research Corporation,
ADSK,Autodesk,
ROST,Ross Stores,
MNST,Monster Beverage Corporation,
ADBE,Adobe,
FAST,Fastenal Company,
CSCO,Cisco Systems,
REGN,Regeneron Pharmaceuticals,
IDXX,IDEXX Laboratories,
VRTX,Vertex Pharmaceuticals Incorporated,
ODFL,Old Dominion Freight Line,
QCOM,QUALCOMM Incorporated,
GILD,Gilead Sciences,
SNPS,Synopsys,
SBUX,Starbucks Corporation,
INTU,Intuit,
MCHP,Microchip Technology Incorporated,
ORLY,O'Reilly Automotive,
COST,Costco Wholesale Corporation,
CPRT,Copart (DE),
TTWO,Take-Two Interactive Software,
BKNG,Booking Holdings,
ISRG,Intuitive Surgical,
ADI,Analog Devices,
AEP,American Electric Power Company,
ADP,Automatic Data Processing,
CDNS,Cadence Design Systems,
CSX,CSX Corporation,
HON,Honeywell International,
MAR,Marriott International,
XEL,Xcel Energy,
EXC,Exelon Corporation,
PEP,PepsiCo,
ROP,Roper Technologies,
WMT,Walmart,
AXON,Axon Enterprise,
MDLZ,Mondelez International,
NFLX,Netflix,
ALNY,Alnylam Pharmaceuticals,
MPWR,Monolithic Power Systems,
DXCM,DexCom,
TMUS,T-Mobile US,
MELI,MercadoLibre,
KDP,Keurig Dr Pepper,
FTNT,Fortinet,
TSLA,Tesla,
FANG,Diamondback Energy,
PANW,Palo Alto Networks,
WDAY,Workday,
PYPL,PayPal Holdings,
SHOP,Shopify,
CCEP,Coca-Cola Europacific Partners,
BKR,Baker Hughes Company,
PDD,PDD Holdings,
RKLB,Rocket Lab Corporation,
PLTR,Palantir Technologies,
ABNB,Airbnb,
DASH,DoorDash,
APP,Applovin Corporation,
CEG,Constellation Energy Corporation,
WBD,Warner Bros. Discovery Series A,
GEHC,GE HealthCare Technologies,
LIN,Linde,
ARM,Arm Holdings,
TRI,Thomson Reuters,
FER,Ferrovial N.V.,
CRWV,CoreWeave,
SPCX,SpaceX,
HONA,Honeywell Aerospace,
