company_id,analyst_id,analyst_name,documented_firm,identity_notes,selection_evidence,source_audit,evidence_cutoff,five_year_history_complete,earnings_accuracy_rank,rank_status,notes
broadcom,harlan_sur,Harlan Sur,J.P. Morgan,,issuer_coverage,docs/research/FIVE_YEAR_US_ASML_ANALYSTS.md,2026-09-10,false,,unranked_insufficient_evaluated_history,Candidate pool; not exhaustive historical coverage.
broadcom,vivek_arya,Vivek Arya,BofA,,dated_issuer_coverage,docs/research/FIVE_YEAR_US_ASML_ANALYSTS.md,2026-09-10,false,,unranked_insufficient_evaluated_history,Candidate pool; not exhaustive historical coverage.
broadcom,stacy_rasgon,Stacy Rasgon,Bernstein,,dated_issuer_coverage,docs/research/FIVE_YEAR_US_ASML_ANALYSTS.md,2026-09-10,false,,unranked_insufficient_evaluated_history,Candidate pool; not exhaustive historical coverage.
alphabet,mark_mahaney,Mark Mahaney,Evercore ISI,Joined March 2021; earlier RBC history separate,issuer_coverage_and_research_survey,docs/research/FIVE_YEAR_US_ASML_ANALYSTS.md,2026-09-10,false,,unranked_insufficient_evaluated_history,Candidate pool; not exhaustive historical coverage.
alphabet,brian_nowak,Brian Nowak,Morgan Stanley,,issuer_coverage,docs/research/FIVE_YEAR_US_ASML_ANALYSTS.md,2026-09-10,false,,unranked_insufficient_evaluated_history,Candidate pool; not exhaustive historical coverage.
alphabet,douglas_anmuth,Douglas Anmuth,J.P. Morgan,,issuer_coverage,docs/research/FIVE_YEAR_US_ASML_ANALYSTS.md,2026-09-10,false,,unranked_insufficient_evaluated_history,Candidate pool; not exhaustive historical coverage.
alphabet,eric_sheridan,Eric Sheridan,Goldman Sachs,,issuer_coverage,docs/research/FIVE_YEAR_US_ASML_ANALYSTS.md,2026-09-10,false,,unranked_insufficient_evaluated_history,Candidate pool; not exhaustive historical coverage.
nvidia,stacy_rasgon,Stacy Rasgon,Bernstein,,issuer_coverage_and_research_survey,docs/research/FIVE_YEAR_US_ASML_ANALYSTS.md,2026-09-10,false,,unranked_insufficient_evaluated_history,Candidate pool; not exhaustive historical coverage.
nvidia,vivek_arya,Vivek Arya,BofA,,issuer_coverage,docs/research/FIVE_YEAR_US_ASML_ANALYSTS.md,2026-09-10,false,,unranked_insufficient_evaluated_history,Candidate pool; not exhaustive historical coverage.
nvidia,mark_lipacis,Mark Lipacis,Evercore ISI,Jefferies before April 2024,issuer_coverage_and_research_survey,docs/research/FIVE_YEAR_US_ASML_ANALYSTS.md,2026-09-10,false,,unranked_insufficient_evaluated_history,Candidate pool; not exhaustive historical coverage.
nvidia,joseph_moore,Joseph Moore,Morgan Stanley,Also Joe Moore,issuer_coverage,docs/research/FIVE_YEAR_US_ASML_ANALYSTS.md,2026-09-10,false,,unranked_insufficient_evaluated_history,Candidate pool; not exhaustive historical coverage.
sk_hynix,sunwoo_kim,Sunwoo Kim,Meritz Securities,,quantitative_sector_award_and_public_models,docs/research/FIVE_YEAR_MEMORY_ANALYSTS.md,2026-09-10,false,,unranked_insufficient_evaluated_history,Candidate pool; not exhaustive historical coverage.
sk_hynix,roh_geun_chang,Roh Geun-chang,Hyundai Motor Securities,,mixed_earnings_and_target_accuracy_sector_award,docs/research/FIVE_YEAR_MEMORY_ANALYSTS.md,2026-09-10,false,,unranked_insufficient_evaluated_history,Candidate pool; not exhaustive historical coverage.
sk_hynix,young_gun_kim,Young-gun Kim,Mirae Asset Securities,,dated_numerical_models,docs/research/FIVE_YEAR_MEMORY_ANALYSTS.md,2026-09-10,false,,unranked_insufficient_evaluated_history,Candidate pool; not exhaustive historical coverage.
sk_hynix,jeff_kim,Jeff Kim,KB Securities,Korean/English identity linkage not yet verified,dated_numerical_models,docs/research/FIVE_YEAR_MEMORY_ANALYSTS.md,2026-09-10,false,,unranked_insufficient_evaluated_history,Candidate pool; not exhaustive historical coverage.
sk_hynix,rok_ho_kim,Rok-ho Kim,Hana Securities,Do not inherit Kim Kyung-min historical forecasts,dated_numerical_models,docs/research/FIVE_YEAR_MEMORY_ANALYSTS.md,2026-09-10,false,,unranked_insufficient_evaluated_history,Candidate pool; not exhaustive historical coverage.
samsung_electronics,sunwoo_kim,Sunwoo Kim,Meritz Securities,,quantitative_sector_award_and_public_models,docs/research/FIVE_YEAR_MEMORY_ANALYSTS.md,2026-09-10,false,,unranked_insufficient_evaluated_history,Candidate pool; not exhaustive historical coverage.
samsung_electronics,roh_geun_chang,Roh Geun-chang,Hyundai Motor Securities,,mixed_earnings_and_target_accuracy_sector_award,docs/research/FIVE_YEAR_MEMORY_ANALYSTS.md,2026-09-10,false,,unranked_insufficient_evaluated_history,Candidate pool; not exhaustive historical coverage.
samsung_electronics,young_gun_kim,Young-gun Kim,Mirae Asset Securities,,dated_numerical_models,docs/research/FIVE_YEAR_MEMORY_ANALYSTS.md,2026-09-10,false,,unranked_insufficient_evaluated_history,Candidate pool; not exhaustive historical coverage.
samsung_electronics,jeff_kim,Jeff Kim,KB Securities,Korean/English identity linkage not yet verified,dated_numerical_models,docs/research/FIVE_YEAR_MEMORY_ANALYSTS.md,2026-09-10,false,,unranked_insufficient_evaluated_history,Candidate pool; not exhaustive historical coverage.
samsung_electronics,rok_ho_kim,Rok-ho Kim,Hana Securities,Do not inherit Kim Kyung-min historical forecasts,dated_numerical_models,docs/research/FIVE_YEAR_MEMORY_ANALYSTS.md,2026-09-10,false,,unranked_insufficient_evaluated_history,Candidate pool; not exhaustive historical coverage.
micron,cj_muse,C. J. Muse,Cantor Fitzgerald,Evercore ISI before December 2023,coverage_and_research_survey,docs/research/FIVE_YEAR_MEMORY_ANALYSTS.md,2026-09-10,false,,unranked_insufficient_evaluated_history,Candidate pool; not exhaustive historical coverage.
micron,vijay_rakesh,Vijay Rakesh,Mizuho,Some Micron evidence dated May 2023; current assignment requires confirmation,coverage,docs/research/FIVE_YEAR_MEMORY_ANALYSTS.md,2026-09-10,false,,unranked_insufficient_evaluated_history,Candidate pool; not exhaustive historical coverage.
micron,matthew_bryson,Matthew Bryson,Wedbush,Also Matt Bryson; firm coverage evidence from 2019,coverage,docs/research/FIVE_YEAR_MEMORY_ANALYSTS.md,2026-09-10,false,,unranked_insufficient_evaluated_history,Candidate pool; not exhaustive historical coverage.
micron,william_kerwin,William Kerwin,Morningstar,,dated_research_and_models,docs/research/FIVE_YEAR_MEMORY_ANALYSTS.md,2026-09-10,false,,unranked_insufficient_evaluated_history,Candidate pool; not exhaustive historical coverage.
sandisk,cj_muse,C. J. Muse,Cantor Fitzgerald,Evercore ISI before December 2023,coverage_and_research_survey,docs/research/FIVE_YEAR_MEMORY_ANALYSTS.md,2026-09-10,false,,unranked_insufficient_evaluated_history,Candidate pool; not exhaustive historical coverage. Shorter standalone history.
sandisk,vijay_rakesh,Vijay Rakesh,Mizuho,Some Micron evidence dated May 2023; current assignment requires confirmation,coverage,docs/research/FIVE_YEAR_MEMORY_ANALYSTS.md,2026-09-10,false,,unranked_insufficient_evaluated_history,Candidate pool; not exhaustive historical coverage. Shorter standalone history.
sandisk,matthew_bryson,Matthew Bryson,Wedbush,Also Matt Bryson; firm coverage evidence from 2019,coverage,docs/research/FIVE_YEAR_MEMORY_ANALYSTS.md,2026-09-10,false,,unranked_insufficient_evaluated_history,Candidate pool; not exhaustive historical coverage. Shorter standalone history.
sandisk,william_kerwin,William Kerwin,Morningstar,,dated_research_and_models,docs/research/FIVE_YEAR_MEMORY_ANALYSTS.md,2026-09-10,false,,unranked_insufficient_evaluated_history,Candidate pool; not exhaustive historical coverage. Shorter standalone history.
asml,didier_scemama,Didier Scemama,BofA,,issuer_coverage,docs/research/FIVE_YEAR_US_ASML_ANALYSTS.md,2026-09-10,false,,unranked_insufficient_evaluated_history,Candidate pool; not exhaustive historical coverage.
asml,sandeep_deshpande,Sandeep Deshpande,J.P. Morgan,,issuer_coverage,docs/research/FIVE_YEAR_US_ASML_ANALYSTS.md,2026-09-10,false,,unranked_insufficient_evaluated_history,Candidate pool; not exhaustive historical coverage.
asml,francois_xavier_bouvignies,Francois-Xavier Bouvignies,UBS,,issuer_coverage,docs/research/FIVE_YEAR_US_ASML_ANALYSTS.md,2026-09-10,false,,unranked_insufficient_evaluated_history,Candidate pool; not exhaustive historical coverage.
asml,mark_lipacis,Mark Lipacis,Evercore ISI,Jefferies before April 2024; individual company coverage start not established,issuer_coverage_and_dated_report,docs/research/FIVE_YEAR_US_ASML_ANALYSTS.md,2026-09-10,false,,unranked_insufficient_evaluated_history,Candidate pool; not exhaustive historical coverage.
besi,hildo_laman,Hildo Laman,IEX,Named dated earnings forecasts retained; see source audit,dated_original_forecasts,docs/research/BESI_BROKERS.md,2026-09-10,false,,unranked_insufficient_evaluated_history,Candidate based on accessible dated models; EPS definitions and historical availability remain unresolved.
besi,javier_correonero,Javier Correonero,Morningstar,Named dated earnings forecasts retained; see source audit,dated_original_forecasts,docs/research/BESI_MORNINGSTAR.md,2026-09-10,false,,unranked_insufficient_evaluated_history,Candidate based on accessible dated models; EPS definitions and historical availability remain unresolved.
