company_id,forecaster,firm,observation_type,metric,value,currency,unit,fiscal_year,fiscal_period_end,report_date,original_available_at,retrieved_on,accounting_basis,eps_share_basis,source_url,source_file,source_page,validation_status,notes
sk_hynix,Young-gun Kim,Mirae Asset Securities,analyst_forecast,revenue,330065,KRW,billion_KRW,2026,2026-12-31,2026-09-07,,2026-09-10,consolidated K-IFRS,not_applicable,https://securities.miraeasset.com/bbs/download/2147118.pdf?attachmentId=2147118,data/source_reports/2026-09-07_mirae_sk_hynix.pdf,1,source_table_checked,Report-vintage sample; complete historical availability and comparable actuals not established
sk_hynix,Young-gun Kim,Mirae Asset Securities,analyst_forecast,eps,393968,KRW,KRW_per_share,2026,2026-12-31,2026-09-07,,2026-09-10,consolidated K-IFRS,unspecified,https://securities.miraeasset.com/bbs/download/2147118.pdf?attachmentId=2147118,data/source_reports/2026-09-07_mirae_sk_hynix.pdf,1,source_table_checked,Report-vintage sample; complete historical availability and comparable actuals not established
sk_hynix,Young-gun Kim,Mirae Asset Securities,analyst_forecast,revenue,486647,KRW,billion_KRW,2027,2027-12-31,2026-09-07,,2026-09-10,consolidated K-IFRS,not_applicable,https://securities.miraeasset.com/bbs/download/2147118.pdf?attachmentId=2147118,data/source_reports/2026-09-07_mirae_sk_hynix.pdf,1,source_table_checked,Report-vintage sample; complete historical availability and comparable actuals not established
sk_hynix,Young-gun Kim,Mirae Asset Securities,analyst_forecast,eps,529561,KRW,KRW_per_share,2027,2027-12-31,2026-09-07,,2026-09-10,consolidated K-IFRS,unspecified,https://securities.miraeasset.com/bbs/download/2147118.pdf?attachmentId=2147118,data/source_reports/2026-09-07_mirae_sk_hynix.pdf,1,source_table_checked,Report-vintage sample; complete historical availability and comparable actuals not established
samsung_electronics,Young-gun Kim,Mirae Asset Securities,analyst_forecast,revenue,713635,KRW,billion_KRW,2026,2026-12-31,2026-09-07,,2026-09-10,consolidated K-IFRS,not_applicable,https://securities.miraeasset.com/bbs/download/2147119.pdf?attachmentId=2147119,data/source_reports/2026-09-07_mirae_samsung_electronics.pdf,1,source_table_checked,Report-vintage sample; complete historical availability and comparable actuals not established
samsung_electronics,Young-gun Kim,Mirae Asset Securities,analyst_forecast,eps,43637,KRW,KRW_per_share,2026,2026-12-31,2026-09-07,,2026-09-10,consolidated K-IFRS,unspecified,https://securities.miraeasset.com/bbs/download/2147119.pdf?attachmentId=2147119,data/source_reports/2026-09-07_mirae_samsung_electronics.pdf,1,source_table_checked,Report-vintage sample; complete historical availability and comparable actuals not established
samsung_electronics,Young-gun Kim,Mirae Asset Securities,analyst_forecast,revenue,953514,KRW,billion_KRW,2027,2027-12-31,2026-09-07,,2026-09-10,consolidated K-IFRS,not_applicable,https://securities.miraeasset.com/bbs/download/2147119.pdf?attachmentId=2147119,data/source_reports/2026-09-07_mirae_samsung_electronics.pdf,1,source_table_checked,Report-vintage sample; complete historical availability and comparable actuals not established
samsung_electronics,Young-gun Kim,Mirae Asset Securities,analyst_forecast,eps,63846,KRW,KRW_per_share,2027,2027-12-31,2026-09-07,,2026-09-10,consolidated K-IFRS,unspecified,https://securities.miraeasset.com/bbs/download/2147119.pdf?attachmentId=2147119,data/source_reports/2026-09-07_mirae_samsung_electronics.pdf,1,source_table_checked,Report-vintage sample; complete historical availability and comparable actuals not established
sk_hynix,Young-gun Kim,Mirae Asset Securities,analyst_forecast,revenue,42264,KRW,billion_KRW,2021,2021-12-31,2021-10-27,,2026-09-10,consolidated K-IFRS,not_applicable,https://securities.miraeasset.com/bbs/download/2088623.pdf?attachmentId=2088623,data/source_reports/2021-10-27_mirae_sk_hynix.pdf,1,source_table_checked,Historical sample; EPS denominator and acquisition consolidation scope need reconciliation; not scored
sk_hynix,Young-gun Kim,Mirae Asset Securities,analyst_forecast,eps,12762,KRW,KRW_per_share,2021,2021-12-31,2021-10-27,,2026-09-10,consolidated K-IFRS,denominator_unreconciled,https://securities.miraeasset.com/bbs/download/2088623.pdf?attachmentId=2088623,data/source_reports/2021-10-27_mirae_sk_hynix.pdf,1,source_table_checked,Historical sample; EPS denominator and acquisition consolidation scope need reconciliation; not scored
sk_hynix,Young-gun Kim,Mirae Asset Securities,analyst_forecast,revenue,43793,KRW,billion_KRW,2022,2022-12-31,2021-10-27,,2026-09-10,consolidated K-IFRS,not_applicable,https://securities.miraeasset.com/bbs/download/2088623.pdf?attachmentId=2088623,data/source_reports/2021-10-27_mirae_sk_hynix.pdf,1,source_table_checked,Historical sample; EPS denominator and acquisition consolidation scope need reconciliation; not scored
sk_hynix,Young-gun Kim,Mirae Asset Securities,analyst_forecast,eps,10939,KRW,KRW_per_share,2022,2022-12-31,2021-10-27,,2026-09-10,consolidated K-IFRS,denominator_unreconciled,https://securities.miraeasset.com/bbs/download/2088623.pdf?attachmentId=2088623,data/source_reports/2021-10-27_mirae_sk_hynix.pdf,1,source_table_checked,Historical sample; EPS denominator and acquisition consolidation scope need reconciliation; not scored
sk_hynix,Sunwoo Kim,Meritz Securities,analyst_forecast,revenue,43066.8,KRW,billion_KRW,2021,2021-12-31,2021-10-27,,2026-09-10,table basis; parent-attributable EPS; accounting normalization unverified,not_applicable,https://home.imeritz.com/include/resource/research/WorkFlow/20211026201826942K_02.pdf,data/source_reports/2021-10-27_meritz_sk_hynix.pdf,1,source_table_checked,Historical sample; EPS denominator and acquisition consolidation scope need reconciliation; not scored
sk_hynix,Sunwoo Kim,Meritz Securities,analyst_forecast,eps,12442,KRW,KRW_per_share,2021,2021-12-31,2021-10-27,,2026-09-10,table basis; parent-attributable EPS; accounting normalization unverified,denominator_unreconciled,https://home.imeritz.com/include/resource/research/WorkFlow/20211026201826942K_02.pdf,data/source_reports/2021-10-27_meritz_sk_hynix.pdf,1,source_table_checked,Historical sample; EPS denominator and acquisition consolidation scope need reconciliation; not scored
sk_hynix,Sunwoo Kim,Meritz Securities,analyst_forecast,revenue,46914.3,KRW,billion_KRW,2022,2022-12-31,2021-10-27,,2026-09-10,table basis; parent-attributable EPS; accounting normalization unverified,not_applicable,https://home.imeritz.com/include/resource/research/WorkFlow/20211026201826942K_02.pdf,data/source_reports/2021-10-27_meritz_sk_hynix.pdf,1,source_table_checked,Historical sample; EPS denominator and acquisition consolidation scope need reconciliation; not scored
sk_hynix,Sunwoo Kim,Meritz Securities,analyst_forecast,eps,10592,KRW,KRW_per_share,2022,2022-12-31,2021-10-27,,2026-09-10,table basis; parent-attributable EPS; accounting normalization unverified,denominator_unreconciled,https://home.imeritz.com/include/resource/research/WorkFlow/20211026201826942K_02.pdf,data/source_reports/2021-10-27_meritz_sk_hynix.pdf,1,source_table_checked,Historical sample; EPS denominator and acquisition consolidation scope need reconciliation; not scored
