source_id,company_ids,source_kind,source_url,report_date,firm,analyst_name,discovered_from,expected_format
samsung_statements_2026Q1,samsung_electronics,issuer_financial_statement,https://images.samsung.com/is/content/samsung/assets/global/ir/docs/2026_con_quarter01_all.pdf,,,,https://www.samsung.com/global/ir/financial-information/audited-financial-statements/,pdf
samsung_statements_2026Q2,samsung_electronics,issuer_financial_statement,https://images.samsung.com/is/content/samsung/assets/global/ir/docs/2026_con_quarter02_all.pdf,,,,https://www.samsung.com/global/ir/financial-information/audited-financial-statements/,pdf
samsung_statements_2025Q1,samsung_electronics,issuer_financial_statement,https://images.samsung.com/is/content/samsung/assets/global/ir/docs/2025_con_quarter01_all.pdf,,,,https://www.samsung.com/global/ir/financial-information/audited-financial-statements/,pdf
samsung_statements_2025Q2,samsung_electronics,issuer_financial_statement,https://images.samsung.com/is/content/samsung/assets/global/ir/docs/2025_con_quarter02_all.pdf,,,,https://www.samsung.com/global/ir/financial-information/audited-financial-statements/,pdf
samsung_statements_2025Q3,samsung_electronics,issuer_financial_statement,https://images.samsung.com/is/content/samsung/assets/global/ir/docs/2025_con_quarter03_all.pdf,,,,https://www.samsung.com/global/ir/financial-information/audited-financial-statements/,pdf
samsung_statements_2025Q4,samsung_electronics,issuer_financial_statement,https://images.samsung.com/is/content/samsung/assets/global/ir/docs/2025_con_quarter04_all.pdf,,,,https://www.samsung.com/global/ir/financial-information/audited-financial-statements/,pdf
samsung_statements_2024Q1,samsung_electronics,issuer_financial_statement,https://images.samsung.com/is/content/samsung/assets/global/ir/docs/2024_con_quarter01_all.pdf,,,,https://www.samsung.com/global/ir/financial-information/audited-financial-statements/,pdf
samsung_statements_2024Q2,samsung_electronics,issuer_financial_statement,https://images.samsung.com/is/content/samsung/assets/global/ir/docs/2024_con_quarter02_all.pdf,,,,https://www.samsung.com/global/ir/financial-information/audited-financial-statements/,pdf
samsung_statements_2024Q3,samsung_electronics,issuer_financial_statement,https://images.samsung.com/is/content/samsung/assets/global/ir/docs/2024_con_quarter03_all.pdf,,,,https://www.samsung.com/global/ir/financial-information/audited-financial-statements/,pdf
samsung_statements_2024Q4,samsung_electronics,issuer_financial_statement,https://images.samsung.com/is/content/samsung/assets/global/ir/docs/2024_con_quarter04_all.pdf,,,,https://www.samsung.com/global/ir/financial-information/audited-financial-statements/,pdf
samsung_statements_2023Q1,samsung_electronics,issuer_financial_statement,https://images.samsung.com/is/content/samsung/assets/global/ir/docs/2023_con_quarter01_all.pdf,,,,https://www.samsung.com/global/ir/financial-information/audited-financial-statements/,pdf
samsung_statements_2023Q2,samsung_electronics,issuer_financial_statement,https://images.samsung.com/is/content/samsung/assets/global/ir/docs/2023_con_quarter02_all.pdf,,,,https://www.samsung.com/global/ir/financial-information/audited-financial-statements/,pdf
samsung_statements_2023Q3,samsung_electronics,issuer_financial_statement,https://images.samsung.com/is/content/samsung/assets/global/ir/docs/2023_con_quarter03_all.pdf,,,,https://www.samsung.com/global/ir/financial-information/audited-financial-statements/,pdf
samsung_statements_2023Q4,samsung_electronics,issuer_financial_statement,https://images.samsung.com/is/content/samsung/assets/global/ir/docs/2023_con_quarter04_all.pdf,,,,https://www.samsung.com/global/ir/financial-information/audited-financial-statements/,pdf
samsung_statements_2022Q1,samsung_electronics,issuer_financial_statement,https://images.samsung.com/is/content/samsung/assets/global/ir/docs/2022_con_quarter01_all.pdf,,,,https://www.samsung.com/global/ir/financial-information/audited-financial-statements/,pdf
samsung_statements_2022Q2,samsung_electronics,issuer_financial_statement,https://images.samsung.com/is/content/samsung/assets/global/ir/docs/2022_con_quarter02_all.pdf,,,,https://www.samsung.com/global/ir/financial-information/audited-financial-statements/,pdf
samsung_statements_2022Q3,samsung_electronics,issuer_financial_statement,https://images.samsung.com/is/content/samsung/assets/global/ir/docs/2022_con_quarter03_all.pdf,,,,https://www.samsung.com/global/ir/financial-information/audited-financial-statements/,pdf
samsung_statements_2022Q4,samsung_electronics,issuer_financial_statement,https://images.samsung.com/is/content/samsung/assets/global/ir/docs/2022_con_quarter04_all.pdf,,,,https://www.samsung.com/global/ir/financial-information/audited-financial-statements/,pdf
samsung_statements_2021Q1,samsung_electronics,issuer_financial_statement,https://images.samsung.com/is/content/samsung/assets/global/ir/docs/2021_con_quarter01_all.pdf,,,,https://www.samsung.com/global/ir/financial-information/audited-financial-statements/,pdf
samsung_statements_2021Q2,samsung_electronics,issuer_financial_statement,https://images.samsung.com/is/content/samsung/assets/global/ir/docs/2021_con_quarter02_all.pdf,,,,https://www.samsung.com/global/ir/financial-information/audited-financial-statements/,pdf
samsung_statements_2021Q3,samsung_electronics,issuer_financial_statement,https://images.samsung.com/is/content/samsung/assets/global/ir/docs/2021_con_quarter03_all.pdf,,,,https://www.samsung.com/global/ir/financial-information/audited-financial-statements/,pdf
samsung_statements_2021Q4,samsung_electronics,issuer_financial_statement,https://images.samsung.com/is/content/samsung/assets/global/ir/docs/2021_con_quarter04_all.pdf,,,,https://www.samsung.com/global/ir/financial-information/audited-financial-statements/,pdf
samsung_statements_2020Q1,samsung_electronics,issuer_financial_statement,https://images.samsung.com/is/content/samsung/assets/global/ir/docs/2020_con_quarter01_all.pdf,,,,https://www.samsung.com/global/ir/financial-information/audited-financial-statements/,pdf
samsung_statements_2020Q2,samsung_electronics,issuer_financial_statement,https://images.samsung.com/is/content/samsung/assets/global/ir/docs/2020_con_quarter02_all.pdf,,,,https://www.samsung.com/global/ir/financial-information/audited-financial-statements/,pdf
samsung_statements_2020Q3,samsung_electronics,issuer_financial_statement,https://images.samsung.com/is/content/samsung/assets/global/ir/docs/2020_con_quarter03_all.pdf,,,,https://www.samsung.com/global/ir/financial-information/audited-financial-statements/,pdf
samsung_statements_2020Q4,samsung_electronics,issuer_financial_statement,https://images.samsung.com/is/content/samsung/assets/global/ir/docs/2020_con_quarter04_all.pdf,,,,https://www.samsung.com/global/ir/financial-information/audited-financial-statements/,pdf
hynix_ir_archive_4,sk_hynix,issuer_archive,https://news.skhynix.com/en/category/ir/page/4/,,,,web search on issuer domain,html
